{"app":["/app-862300dbc843063f63c0.js"],"component---src-templates-page-js":["/component---src-templates-page-js-005f03460185f04ef34c.js"],"component---src-templates-portfolio-under-content-js":["/component---src-templates-portfolio-under-content-js-24466e8bb6ed08758a97.js"],"component---src-templates-blog-post-list-js":["/component---src-templates-blog-post-list-js-1fa0fc59e9bf40550d7d.js"],"component---src-templates-post-js":["/component---src-templates-post-js-0340c922eb9cf940fbbc.js"],"component---src-templates-portfolio-js":["/component---src-templates-portfolio-js-12708866b859d7826ff9.js"],"component---src-pages-404-js":["/component---src-pages-404-js-1cd82cf5fe2a68b8c200.js"],"component---src-pages-index-js":["/component---src-pages-index-js-24a10f974db4116ad393.js"]}