{"errors":[],"warnings":[],"namedChunkGroups":{"app":{"chunks":[10,9,0,1],"assets":["webpack-runtime-fa29887a93c857a8559e.js","webpack-runtime-fa29887a93c857a8559e.js.map","styles.04780d3018fe3fb07543.css","styles-35813a090b3b01ea7b21.js","styles-35813a090b3b01ea7b21.js.map","commons-86d587c84d0136121fd7.js","commons-86d587c84d0136121fd7.js.map","app-862300dbc843063f63c0.js","app-862300dbc843063f63c0.js.map"],"children":{},"childAssets":{}},"component---src-templates-page-js":{"chunks":[0,5],"assets":["commons-86d587c84d0136121fd7.js","commons-86d587c84d0136121fd7.js.map","component---src-templates-page-js-005f03460185f04ef34c.js","component---src-templates-page-js-005f03460185f04ef34c.js.map"],"children":{},"childAssets":{}},"component---src-templates-portfolio-under-content-js":{"chunks":[0,7],"assets":["commons-86d587c84d0136121fd7.js","commons-86d587c84d0136121fd7.js.map","component---src-templates-portfolio-under-content-js-24466e8bb6ed08758a97.js","component---src-templates-portfolio-under-content-js-24466e8bb6ed08758a97.js.map"],"children":{},"childAssets":{}},"component---src-templates-blog-post-list-js":{"chunks":[0,4],"assets":["commons-86d587c84d0136121fd7.js","commons-86d587c84d0136121fd7.js.map","component---src-templates-blog-post-list-js-1fa0fc59e9bf40550d7d.js","component---src-templates-blog-post-list-js-1fa0fc59e9bf40550d7d.js.map"],"children":{},"childAssets":{}},"component---src-templates-post-js":{"chunks":[0,8],"assets":["commons-86d587c84d0136121fd7.js","commons-86d587c84d0136121fd7.js.map","component---src-templates-post-js-0340c922eb9cf940fbbc.js","component---src-templates-post-js-0340c922eb9cf940fbbc.js.map"],"children":{},"childAssets":{}},"component---src-templates-portfolio-js":{"chunks":[0,6],"assets":["commons-86d587c84d0136121fd7.js","commons-86d587c84d0136121fd7.js.map","component---src-templates-portfolio-js-12708866b859d7826ff9.js","component---src-templates-portfolio-js-12708866b859d7826ff9.js.map"],"children":{},"childAssets":{}},"component---src-pages-404-js":{"chunks":[0,2],"assets":["commons-86d587c84d0136121fd7.js","commons-86d587c84d0136121fd7.js.map","component---src-pages-404-js-1cd82cf5fe2a68b8c200.js","component---src-pages-404-js-1cd82cf5fe2a68b8c200.js.map"],"children":{},"childAssets":{}},"component---src-pages-index-js":{"chunks":[3],"assets":["component---src-pages-index-js-24a10f974db4116ad393.js","component---src-pages-index-js-24a10f974db4116ad393.js.map"],"children":{},"childAssets":{}}},"assetsByChunkName":{"app":["webpack-runtime-fa29887a93c857a8559e.js","styles.04780d3018fe3fb07543.css","styles-35813a090b3b01ea7b21.js","commons-86d587c84d0136121fd7.js","app-862300dbc843063f63c0.js"],"component---src-templates-page-js":["commons-86d587c84d0136121fd7.js","component---src-templates-page-js-005f03460185f04ef34c.js"],"component---src-templates-portfolio-under-content-js":["commons-86d587c84d0136121fd7.js","component---src-templates-portfolio-under-content-js-24466e8bb6ed08758a97.js"],"component---src-templates-blog-post-list-js":["commons-86d587c84d0136121fd7.js","component---src-templates-blog-post-list-js-1fa0fc59e9bf40550d7d.js"],"component---src-templates-post-js":["commons-86d587c84d0136121fd7.js","component---src-templates-post-js-0340c922eb9cf940fbbc.js"],"component---src-templates-portfolio-js":["commons-86d587c84d0136121fd7.js","component---src-templates-portfolio-js-12708866b859d7826ff9.js"],"component---src-pages-404-js":["commons-86d587c84d0136121fd7.js","component---src-pages-404-js-1cd82cf5fe2a68b8c200.js"],"component---src-pages-index-js":["component---src-pages-index-js-24a10f974db4116ad393.js"]}}