{"data":{"allWordpressPage":{"edges":[{"node":{"title":"About us","content":"\n<p>This is the about us page</p>\n\n\n\n<p>I will put content related to the company such as Our Mision, Our Vision, etc</p>\n","slug":"about-us"}},{"node":{"title":"Inicio","content":"\n<p><strong>This is the Homepage</strong>tftfgf</p>\n\n\n\n<p>Here I´m going to put al content I will need.</p>\n\n\n\n<p>Such as an about us, our services, latest post sections</p>\n\n\n\n<p>An much more&#8230;</p>\n\n\n\n<p>If you clic here <a href=\"http://colombiaweb.co/colweb/about-us/\">http://colombiaweb.co/colweb/about-us/</a> then will be redirect to Abou us page</p>\n","slug":"inicio"}}]}}}