{"data":{"allWordpressWpPortfolio":{"edges":[{"node":{"title":"Website Development","slug":"website-development","excerpt":"<p>Butcher copper mug paleo readymade retro, subway tile succulents neutra kinfolk fam letterpress vice tumblr kickstarter hot chicken. Waistcoat copper mug venmo, readymade photo booth brooklyn slow-carb you probably haven&#8217;t heard of them humblebrag keytar taiyaki live-edge blog raclette migas. Messenger bag distillery biodiesel skateboard taiyaki, pickled celiac. Letterpress man braid portland everyday carry. Gochujang ethical lyft, kogi tote bag cliche taxidermy chillwave kickstarter. Vegan adaptogen craft beer edison bulb, vape iPhone tote bag neutra literally waistcoat snackwave kinfolk.</p>\n","content":"\n<p>Hola, aca voy a poner contenido actualizado</p>\n\n\n\n<p>Butcher copper mug paleo readymade retro, subway tile succulents neutra kinfolk fam letterpress vice tumblr kickstarter hot chicken. Waistcoat copper mug venmo, readymade photo booth brooklyn slow-carb you probably haven&#8217;t heard of them humblebrag keytar taiyaki live-edge blog raclette migas. Messenger bag distillery biodiesel skateboard taiyaki, pickled celiac. Letterpress man braid portland everyday carry. Gochujang ethical lyft, kogi tote bag cliche taxidermy chillwave kickstarter. Vegan adaptogen craft beer edison bulb, vape iPhone tote bag neutra literally waistcoat snackwave kinfolk.</p>\n\n\n\n<p>Esto es una prueba del contenido de este sitio web de WordPress, el cual es renderizado por una aplicación hecha con Gatsby.</p>\n","featured_media":{"source_url":"http://colombiaweb.co/colweb/wp-content/uploads/2020/01/image2.jpg"}}},{"node":{"title":"Web App Development","slug":"web-app-development","excerpt":"<p>Lorem ipsum dolor amet hexagon heirloom echo park, cray ethical tofu butcher church-key glossier artisan. Green juice banh mi vexillologist, sartorial lyft bicycle rights crucifix vape street art taxidermy. YOLO trust fund vice selvage chartreuse raw denim aesthetic lumbersexual stumptown. Skateboard roof party knausgaard humblebrag chartreuse four dollar toast squid mustache. DIY fam leggings, farm-to-table [&hellip;]</p>\n","content":"\n<p>Lorem ipsum dolor amet hexagon heirloom echo park, cray ethical tofu butcher church-key glossier artisan. Green juice banh mi vexillologist, sartorial lyft bicycle rights crucifix vape street art taxidermy. YOLO trust fund vice selvage chartreuse raw denim aesthetic lumbersexual stumptown. Skateboard roof party knausgaard humblebrag chartreuse four dollar toast squid mustache. DIY fam leggings, farm-to-table direct trade distillery master cleanse fixie.</p>\n\n\n\n<p>Street art af offal raclette hashtag biodiesel activated charcoal paleo. Thundercats pabst meditation XOXO. Bicycle rights adaptogen locavore pitchfork hot chicken, cliche skateboard palo santo letterpress ennui cold-pressed keffiyeh gochujang la croix. Mustache leggings edison bulb gentrify, cornhole mlkshk pabst brunch hammock paleo fam hella. Health goth marfa godard kinfolk distillery aesthetic vape keytar vinyl semiotics bushwick yuccie flexitarian taiyaki.</p>\n","featured_media":{"source_url":"http://colombiaweb.co/colweb/wp-content/uploads/2020/01/image1.jpg"}}}]}}}